id,firstName,lastName,birthdate
1,Neha,Limay,1964-10-19 14:11:03
2,Gaurav,Nene,1977-12-11 21:44:30
3,Sandeep,Joshi,1986-12-25 11:54:28
4,Parag,Rane,1959-07-24 06:00:16
5,Sachit,Patil,1956-09-14 06:49:28
6,Suchita,Vinchurkar,1984-08-30 04:18:10
7,Aditi,Nerkar,1973-02-04 05:26:05
8,Shankar,Parate,1953-04-26 11:16:26
9,Tania,Datta,1951-06-24 14:56:51
10,Sandhya,Potthuri,1953-08-27 13:15:08
11,Santosh,Pande,1957-09-05 21:36:47
12,Ajinkya,Deshpande,1979-01-21 18:31:27
13,Kiran,Giradkar,1965-07-18 15:05:22
14,Deepak,Patil,1990-09-11 15:52:54
15,Suraj,Bhamre,1979-06-01 06:58:54
16,Anup,Tarone,1990-07-02 17:36:35
17,Pradeep,Rodge,1959-12-19 20:23:12
18,Pawan,Bawankar,1984-12-27 10:36:49
19,Sheetal,Kale,1962-06-23 20:03:40
20,Reetisha,Hedau,1988-11-12 19:05:13